name,entity_type,subtype,description,tracker_tag,parent_entity_id_name,aliases,alias_types,starter_sets
International Maritime Organization,regulator,,UN specialized agency responsible for the safety and security of shipping and the prevention of marine and atmospheric pollution by ships,imo-shipping,,IMO|Maritime Organization,abbreviation|common,marine_lawyer|shipping_compliance|esg_analyst|generalist
Marine Environment Protection Committee,regulator,,IMO committee addressing prevention and control of pollution from ships including MARPOL implementation and GHG strategy,imo-shipping,International Maritime Organization,MEPC,abbreviation,marine_lawyer|shipping_compliance|generalist
Maritime Safety Committee,regulator,,IMO committee responsible for maritime safety regulations including SOLAS and navigation standards,imo-shipping,International Maritime Organization,MSC (IMO),abbreviation,marine_lawyer|shipping_compliance
Sub-Committee on Pollution Prevention and Response,regulator,,IMO technical sub-committee developing standards for pollution prevention and hazardous substance transport,imo-shipping,International Maritime Organization,PPR Sub-Committee|PPR,common|abbreviation,shipping_compliance
Sub-Committee on Ship Design and Construction,regulator,,IMO technical sub-committee on ship design standards including goal-based construction standards,imo-shipping,International Maritime Organization,SDC Sub-Committee|SDC,common|abbreviation,shipping_compliance
Sub-Committee on Implementation of IMO Instruments,regulator,,IMO sub-committee overseeing flag state implementation and port state control harmonization,imo-shipping,International Maritime Organization,III Sub-Committee,common,shipping_compliance
Sub-Committee on Human Element Training and Watchkeeping,regulator,,IMO sub-committee on seafarer training standards and STCW convention implementation,imo-shipping,International Maritime Organization,HTW Sub-Committee,common,shipping_compliance
Sub-Committee on Carriage of Cargoes and Containers,regulator,,IMO sub-committee on safe carriage of goods by sea including IMDG Code,imo-shipping,International Maritime Organization,CCC Sub-Committee,common,shipping_compliance
Sub-Committee on Navigation Communications and Search and Rescue,regulator,,IMO sub-committee on navigational safety and communications systems,imo-shipping,International Maritime Organization,NCSR Sub-Committee,common,shipping_compliance
IMO Legal Committee,regulator,,IMO committee addressing legal matters including liability and compensation for maritime claims,imo-shipping,International Maritime Organization,LEG Committee,common,marine_lawyer|shipping_compliance
IMO Technical Cooperation Committee,regulator,,IMO committee coordinating technical assistance to developing states for maritime capacity building,imo-shipping,International Maritime Organization,TC Committee,common,shipping_compliance
IMO Facilitation Committee,regulator,,IMO committee on facilitation of international maritime traffic and reducing port formalities,imo-shipping,International Maritime Organization,FAL Committee,common,shipping_compliance
International Seabed Authority,regulator,,Intergovernmental body that organizes and controls all mineral-related activities in the international seabed area beyond national jurisdiction,isa,,ISA|Seabed Authority,abbreviation|common,marine_lawyer|ngo_campaigner|generalist|blue_finance
ISA Council,regulator,,Executive organ of the International Seabed Authority responsible for approving mining contracts and regulations,isa,International Seabed Authority,,,marine_lawyer|ngo_campaigner
ISA Legal and Technical Commission,regulator,,ISA body that reviews mining applications and develops environmental standards for deep-sea mining,isa,International Seabed Authority,LTC,abbreviation,marine_lawyer|ngo_campaigner
ISA Finance Committee,regulator,,ISA committee overseeing financial and budgetary matters including benefit-sharing from seabed mining,isa,International Seabed Authority,,,blue_finance
Food and Agriculture Organization,regulator,,UN agency leading international efforts to defeat hunger with major programmes on fisheries management and aquaculture,wto-fisheries,,FAO|Food and Agriculture Organization of the United Nations,abbreviation|common,marine_lawyer|ngo_campaigner|generalist
FAO Committee on Fisheries,regulator,,FAO subsidiary body serving as the only global intergovernmental forum for fisheries and aquaculture policy,wto-fisheries,Food and Agriculture Organization,COFI,abbreviation,marine_lawyer|ngo_campaigner|generalist
FAO Sub-Committee on Fish Trade,regulator,,COFI sub-committee addressing international fish trade issues including market access and traceability,wto-fisheries,FAO Committee on Fisheries,,,esg_analyst|blue_finance
FAO Sub-Committee on Aquaculture,regulator,,COFI sub-committee on aquaculture development and sustainability,wto-fisheries,FAO Committee on Fisheries,,,esg_analyst|blue_finance
United Nations Environment Programme,regulator,,UN body coordinating environmental activities and implementing environmental policy including marine and coastal programmes,plastics,,UNEP|UN Environment,abbreviation|abbreviation,ngo_campaigner|generalist|esg_analyst
UNEP Regional Seas Programme,regulator,,UNEP framework coordinating 18 regional seas conventions and action plans for marine environmental protection,,United Nations Environment Programme,,,ngo_campaigner|marine_lawyer
Convention on Biological Diversity,regulator,,International treaty for the conservation of biological diversity and sustainable use of its components including marine biodiversity,30x30,,CBD|Biodiversity Convention,abbreviation|common,marine_lawyer|ngo_campaigner|esg_analyst|generalist
SBSTTA,regulator,,CBD subsidiary body providing scientific and technical advice on biodiversity conservation to the Conference of the Parties,30x30,Convention on Biological Diversity,Subsidiary Body on Scientific Technical and Technological Advice,common,marine_lawyer|ngo_campaigner
SBI (CBD),regulator,,CBD subsidiary body on implementation reviewing progress on the Kunming-Montreal Global Biodiversity Framework,30x30,Convention on Biological Diversity,Subsidiary Body on Implementation,common,marine_lawyer|ngo_campaigner
OSPAR Commission,regulator,,Regional convention body protecting the marine environment of the North-East Atlantic through binding decisions and programmes,30x30,,OSPAR|Oslo-Paris Commission,abbreviation|common,marine_lawyer|ngo_campaigner|generalist
CCAMLR,regulator,,Commission responsible for the conservation of Antarctic marine living resources including fisheries management and MPA designation,30x30,,Commission for the Conservation of Antarctic Marine Living Resources,common,marine_lawyer|ngo_campaigner|generalist
International Whaling Commission,regulator,,International body responsible for the conservation and management of whale populations worldwide,cites-marine,,IWC,abbreviation,ngo_campaigner|marine_lawyer
International Commission for the Conservation of Atlantic Tunas,regulator,,Inter-governmental fisheries organization responsible for management and conservation of tuna and tuna-like species in the Atlantic,iuu,,ICCAT,abbreviation,marine_lawyer|ngo_campaigner|generalist
World Trade Organization,regulator,,International organization dealing with the global rules of trade including the Agreement on Fisheries Subsidies,wto-fisheries,,WTO,abbreviation,marine_lawyer|shipping_compliance|blue_finance|generalist
WTO Committee on Trade and Environment,regulator,,WTO committee examining the relationship between trade and environment including fisheries subsidies negotiations,wto-fisheries,World Trade Organization,CTE,abbreviation,marine_lawyer
CITES Secretariat,regulator,,Secretariat administering the Convention on International Trade in Endangered Species regulating trade in marine species,cites-marine,,Convention on International Trade in Endangered Species|CITES,common|abbreviation,marine_lawyer|ngo_campaigner|generalist
CITES Animals Committee,regulator,,CITES expert committee providing scientific advice on animal trade including sharks rays and marine invertebrates,cites-marine,CITES Secretariat,,,marine_lawyer|ngo_campaigner
CITES Standing Committee,regulator,,CITES committee providing policy guidance and overseeing implementation of trade controls on listed species,cites-marine,CITES Secretariat,,,marine_lawyer|ngo_campaigner
European Commission,regulator,,Executive branch of the EU setting policy on fisheries management shipping emissions and marine environmental protection,imo-shipping,,EC|EU Commission,abbreviation|common,marine_lawyer|shipping_compliance|esg_analyst|generalist
European Maritime Safety Agency,regulator,,EU agency providing technical assistance on maritime safety and pollution prevention to EU member states,imo-shipping,European Commission,EMSA,abbreviation,shipping_compliance
European Fisheries Control Agency,regulator,,EU agency coordinating fisheries inspection and enforcement activities across EU member states,iuu,European Commission,EFCA,abbreviation,marine_lawyer|ngo_campaigner
European Environment Agency,regulator,,EU agency providing environmental information and assessment including marine and coastal environment monitoring,,European Commission,EEA,abbreviation,esg_analyst|ngo_campaigner
DG MARE,regulator,,European Commission directorate-general for maritime affairs and fisheries setting EU ocean and fisheries policy,wto-fisheries,European Commission,Directorate-General for Maritime Affairs and Fisheries,common,marine_lawyer|ngo_campaigner|blue_finance
UN Division for Ocean Affairs and the Law of the Sea,regulator,,UN office serving as secretariat for UNCLOS and the BBNJ Agreement providing legal and technical assistance,bbnj,,DOALOS|UN DOALOS|Division for Ocean Affairs,abbreviation|abbreviation|common,marine_lawyer|generalist
International Tribunal for the Law of the Sea,regulator,,International judicial body with jurisdiction over disputes arising from UNCLOS interpretation and application,bbnj,,ITLOS|Hamburg Tribunal,abbreviation|common,marine_lawyer|generalist
International Court of Justice,regulator,,Principal judicial organ of the United Nations adjudicating maritime boundary and ocean resource disputes,,,ICJ|World Court,abbreviation|common,marine_lawyer
Commission on the Limits of the Continental Shelf,regulator,,UN body examining states submissions on the outer limits of the continental shelf beyond 200 nautical miles,,,CLCS,abbreviation,marine_lawyer
UN General Assembly,regulator,,Chief deliberative body of the United Nations passing annual resolutions on ocean affairs and the law of the sea,bbnj,,UNGA,abbreviation,marine_lawyer|generalist
UNESCO Intergovernmental Oceanographic Commission,regulator,,UNESCO body coordinating ocean science and services including ocean observing systems and tsunami warning,,,IOC-UNESCO|IOC,common|abbreviation,generalist|ngo_campaigner
UN Conference on Trade and Development,regulator,,UN body addressing trade and development issues including maritime transport and small island developing states,,,UNCTAD,abbreviation,blue_finance|shipping_compliance
Pacific Islands Forum,regulator,,Political grouping of Pacific island states coordinating ocean governance positions including deep-sea mining moratorium,isa,,PIF|Pacific Forum,abbreviation|common,marine_lawyer|ngo_campaigner
Caribbean Community,regulator,,Regional organization of Caribbean states coordinating positions on marine governance and blue economy,,,CARICOM,abbreviation,blue_finance|marine_lawyer
African Union,regulator,,Continental union coordinating African positions on ocean governance including the Lome Charter on maritime security,,,AU,abbreviation,marine_lawyer|generalist
Association of Southeast Asian Nations,regulator,,Regional bloc coordinating ocean governance in Southeast Asia including IUU fishing and marine plastic pollution,plastics,,ASEAN,abbreviation,marine_lawyer|generalist
Indian Ocean Rim Association,regulator,,Regional forum for cooperation on maritime safety blue economy and fisheries in the Indian Ocean region,,,IORA,abbreviation,blue_finance|marine_lawyer
Arctic Council,regulator,,Intergovernmental forum promoting cooperation on Arctic environmental protection including marine ecosystems,,,,,ngo_campaigner|marine_lawyer
Antarctic Treaty Secretariat,regulator,,Organization administering the Antarctic Treaty System including the Protocol on Environmental Protection,30x30,,ATS,abbreviation,marine_lawyer|ngo_campaigner
Northwest Atlantic Fisheries Organization,regulator,,Regional fisheries management organization responsible for conservation in the Northwest Atlantic,iuu,,NAFO,abbreviation,marine_lawyer|ngo_campaigner
Western and Central Pacific Fisheries Commission,regulator,,RFMO managing highly migratory fish stocks in the western and central Pacific including tuna and billfish,iuu,,WCPFC|Tuna Commission (WCPFC),abbreviation|common,marine_lawyer|ngo_campaigner
Indian Ocean Tuna Commission,regulator,,RFMO managing tuna and tuna-like species in the Indian Ocean,iuu,,IOTC,abbreviation,marine_lawyer|ngo_campaigner
Inter-American Tropical Tuna Commission,regulator,,RFMO responsible for the conservation of tuna and other marine resources in the eastern Pacific Ocean,iuu,,IATTC,abbreviation,marine_lawyer|ngo_campaigner
South Pacific Regional Fisheries Management Organisation,regulator,,RFMO managing non-highly migratory fisheries in the South Pacific,iuu,,SPRFMO,abbreviation,marine_lawyer
Southeast Atlantic Fisheries Organisation,regulator,,RFMO managing fisheries resources in the Southeast Atlantic,iuu,,SEAFO,abbreviation,marine_lawyer
North East Atlantic Fisheries Commission,regulator,,RFMO managing fisheries in the North East Atlantic and recommending marine protected areas,iuu,,NEAFC,abbreviation,marine_lawyer|ngo_campaigner
General Fisheries Commission for the Mediterranean,regulator,,RFMO managing fisheries and aquaculture in the Mediterranean and Black Sea,iuu,,GFCM,abbreviation,marine_lawyer
Commission for the Conservation of Southern Bluefin Tuna,regulator,,RFMO managing and conserving southern bluefin tuna stocks globally,iuu,,CCSBT,abbreviation,marine_lawyer
South Indian Ocean Fisheries Agreement,regulator,,Regional fisheries agreement for non-tuna deep-sea species in the southern Indian Ocean,iuu,,SIOFA,abbreviation,marine_lawyer
North Atlantic Salmon Conservation Organization,regulator,,International organization promoting conservation and rational management of Atlantic salmon,iuu,,NASCO,abbreviation,marine_lawyer
US National Oceanic and Atmospheric Administration,regulator,,US federal agency responsible for ocean and atmospheric science fisheries management and marine conservation,iuu,,NOAA,abbreviation,marine_lawyer|ngo_campaigner|generalist
US Coast Guard,regulator,,US military branch responsible for maritime law enforcement port state control and marine safety,imo-shipping,,USCG,abbreviation,shipping_compliance|marine_lawyer
US State Department Bureau of Oceans,regulator,,US government bureau leading international ocean and environmental policy including treaty negotiations,bbnj,,OES Bureau,common,marine_lawyer
UK Marine Management Organisation,regulator,,UK government body responsible for marine planning licensing and fisheries management in English waters,,,MMO,abbreviation,marine_lawyer
UK Maritime and Coastguard Agency,regulator,,UK agency responsible for maritime safety and pollution prevention implementing IMO conventions,imo-shipping,,MCA,abbreviation,shipping_compliance
Transport Canada Marine Safety and Security,regulator,,Canadian government body regulating marine safety and environmental protection for shipping,imo-shipping,,TCMSS,abbreviation,shipping_compliance
Australian Maritime Safety Authority,regulator,,Australian government agency responsible for maritime safety and marine environment protection,imo-shipping,,AMSA,abbreviation,shipping_compliance
Maritime Authority of Jamaica,regulator,,Jamaican national maritime authority overseeing shipping regulation and home of the ISA headquarters,imo-shipping,,MAJ,abbreviation,shipping_compliance
Norwegian Maritime Authority,regulator,,Norwegian government agency overseeing ship safety environmental standards and maritime security,imo-shipping,,Sjofartsdirektoratet|NMA,common|abbreviation,shipping_compliance
Paris MOU,regulator,,Regional port state control regime with 27 member authorities inspecting foreign ships in European waters,imo-shipping,,Paris Memorandum of Understanding on Port State Control,common,shipping_compliance|marine_lawyer
Tokyo MOU,regulator,,Asia-Pacific port state control agreement coordinating ship inspections across 21 member authorities,imo-shipping,,Tokyo Memorandum of Understanding on Port State Control,common,shipping_compliance|marine_lawyer
Indian Ocean MOU,regulator,,Port state control agreement covering the Indian Ocean region,imo-shipping,,Indian Ocean Memorandum of Understanding,common,shipping_compliance
Nairobi Convention,regulator,,UNEP Regional Seas convention for the protection of the marine and coastal environment of the Western Indian Ocean,30x30,,,,marine_lawyer|ngo_campaigner
Barcelona Convention,regulator,,Regional convention for the protection of the marine environment and coastal region of the Mediterranean,30x30,,Convention for the Protection of the Mediterranean|UNEP MAP,common|abbreviation,marine_lawyer|ngo_campaigner
Helsinki Commission,regulator,,Intergovernmental commission governing the Convention on the Protection of the Marine Environment of the Baltic Sea Area,30x30,,HELCOM|Baltic Marine Environment Protection Commission,abbreviation|common,marine_lawyer|ngo_campaigner|generalist
Abidjan Convention,regulator,,UNEP Regional Seas convention for cooperation in the protection of the marine and coastal environment of West and Central Africa,30x30,,,,marine_lawyer|ngo_campaigner
Cartagena Convention,regulator,,Regional convention for the protection of the marine environment in the Wider Caribbean Region,30x30,,,,marine_lawyer|ngo_campaigner
Pacific Regional Environment Programme,regulator,,Intergovernmental organisation coordinating environmental management in the Pacific Islands region,30x30,,SPREP,abbreviation,ngo_campaigner|marine_lawyer
Japan Fisheries Agency,regulator,,Japanese government agency responsible for fisheries management and enforcement of IUU fishing regulations,iuu,,JFA,abbreviation,marine_lawyer|ngo_campaigner
New Zealand Ministry for Primary Industries,regulator,,New Zealand government agency managing fisheries resources and marine biosecurity,iuu,,MPI|Fisheries New Zealand,abbreviation|common,marine_lawyer
South Korea Ministry of Oceans and Fisheries,regulator,,South Korean government ministry overseeing maritime affairs fisheries management and ocean policy,imo-shipping,,MOF Korea,common,shipping_compliance|marine_lawyer
China Bureau of Fisheries,regulator,,Chinese government bureau under the Ministry of Agriculture managing fisheries policy and distant-water fleet regulation,iuu,,Bureau of Fisheries|MOA Fisheries Bureau,common|common,marine_lawyer|ngo_campaigner
IUCN,ngo,hybrid_membership,Global authority on the status of the natural world producing the Red List of Threatened Species and advising on conservation policy,30x30,,International Union for Conservation of Nature|World Conservation Union,common|common,ngo_campaigner|esg_analyst|generalist
IUCN World Commission on Protected Areas,ngo,hybrid_membership,IUCN commission providing expert guidance on marine and terrestrial protected area management and 30x30 targets,30x30,IUCN,WCPA,abbreviation,ngo_campaigner|marine_lawyer
IUCN Species Survival Commission,ngo,hybrid_membership,IUCN commission coordinating species conservation assessments including marine species,cites-marine,IUCN,SSC,abbreviation,ngo_campaigner
Greenpeace International,ngo,advocacy,Global environmental campaigning organization with major programmes on deep-sea mining ocean plastics and fisheries,isa,,Greenpeace|GP,common|abbreviation,ngo_campaigner|generalist
WWF,ngo,advocacy,Global conservation organization working on marine protected areas sustainable fisheries and blue finance,30x30,,World Wildlife Fund|World Wide Fund for Nature,common|common,ngo_campaigner|esg_analyst|generalist|blue_finance
Oceana,ngo,advocacy,International ocean conservation organization campaigning for science-based fisheries management and habitat protection,iuu,,,,ngo_campaigner|generalist
Ocean Conservancy,ngo,advocacy,US-based ocean conservation organization leading the International Coastal Cleanup and ocean plastics policy,plastics,,,,ngo_campaigner|generalist
Pew Charitable Trusts,ngo,advocacy,US philanthropy funding ocean governance work including illegal fishing marine protected areas and BBNJ,30x30,,Pew|Pew Trusts,common|common,ngo_campaigner|generalist
High Seas Alliance,ngo,coalition,Coalition of over 50 NGOs advocating for strong governance of the high seas and BBNJ Treaty implementation,bbnj,,HSA,abbreviation,ngo_campaigner|marine_lawyer|generalist
Deep Sea Conservation Coalition,ngo,coalition,Coalition of NGOs calling for a moratorium on deep-sea mining and strong ISA environmental regulations,isa,,DSCC,abbreviation,ngo_campaigner|generalist
Environmental Justice Foundation,ngo,advocacy,UK-based NGO investigating and exposing environmental and human rights abuses in fisheries and aquaculture,iuu,,EJF,abbreviation,ngo_campaigner|esg_analyst
Global Fishing Watch,ngo,enforcement,International non-profit providing open-access data on global fishing activity through satellite technology,iuu,,GFW,abbreviation,ngo_campaigner|esg_analyst|generalist
Plastic Pollution Coalition,ngo,advocacy,Global alliance of organizations working toward a world free of plastic pollution in oceans and waterways,plastics,,PPC,abbreviation,ngo_campaigner
The Ocean Foundation,ngo,advocacy,US community foundation supporting marine conservation and ocean-climate solutions,,,TOF,abbreviation,ngo_campaigner|blue_finance
Ocean Unite,ngo,advocacy,Initiative working to accelerate ocean protection by connecting leaders and building political will for 30x30,30x30,,,,ngo_campaigner
Blue Marine Foundation,ngo,advocacy,UK charity dedicated to restoring ocean health by securing marine protected areas and sustainable fishing,30x30,,BLUE|Blue Marine,abbreviation|common,ngo_campaigner|blue_finance
Sustainable Fisheries Partnership,ngo,enforcement,NGO working with seafood industry to improve fisheries management through market-based incentives,iuu,,SFP,abbreviation,esg_analyst
FishWise,ngo,enforcement,Sustainable seafood consultancy helping businesses improve sourcing practices and supply chain transparency,iuu,,,,esg_analyst
International Seafood Sustainability Foundation,ngo,industry_body,Partnership of tuna industry science and WWF working to maintain sustainable tuna stocks,iuu,,ISSF,abbreviation,esg_analyst|ngo_campaigner
Surfrider Foundation,ngo,advocacy,Non-profit environmental organization dedicated to the protection and enjoyment of oceans waves and beaches,plastics,,Surfrider,common,ngo_campaigner
Sea Shepherd Conservation Society,ngo,advocacy,Marine conservation organization using direct action to defend wildlife and habitats in the oceans,iuu,,Sea Shepherd|SSCS,common|abbreviation,ngo_campaigner
The Nature Conservancy,ngo,advocacy,Global conservation organization with ocean programmes on coral reef protection and sustainable fisheries,30x30,,TNC,abbreviation,ngo_campaigner|blue_finance
Conservation International,ngo,advocacy,Environmental organization working on marine conservation including blue carbon and ocean protected areas,30x30,,CI,abbreviation,ngo_campaigner|blue_finance
Fauna and Flora International,ngo,advocacy,Conservation organization working to protect threatened species and ecosystems including marine habitats,30x30,,FFI|Fauna & Flora,abbreviation|common,ngo_campaigner
WildAid,ngo,advocacy,Non-profit working to reduce demand for wildlife products and combat illegal fishing through enforcement partnerships,iuu,,,,ngo_campaigner
International Fund for Animal Welfare,ngo,advocacy,Animal welfare and conservation organization with marine mammal and ocean noise programmes,cites-marine,,IFAW,abbreviation,ngo_campaigner
Whale and Dolphin Conservation,ngo,advocacy,International charity dedicated to the protection of whales and dolphins through policy advocacy and research,cites-marine,,WDC,abbreviation,ngo_campaigner
Environmental Investigation Agency,ngo,advocacy,Investigative NGO campaigning against environmental crime including illegal fishing and ocean pollution,iuu,,EIA,abbreviation,ngo_campaigner
ClientEarth,ngo,legal,Environmental law charity using litigation to hold governments and companies to account on ocean and climate commitments,,,,,marine_lawyer|ngo_campaigner
Earthjustice,ngo,legal,US non-profit environmental law organization litigating on ocean conservation and marine species protection,,,,,marine_lawyer|ngo_campaigner
Center for International Environmental Law,ngo,legal,Non-profit providing legal counsel on international environmental law including deep-sea mining and ocean governance,isa,,CIEL,abbreviation,marine_lawyer|ngo_campaigner
International Ocean Institute,ngo,research,Non-profit network of operational centres promoting peaceful governance of ocean space,,,IOI,abbreviation,marine_lawyer
One Ocean Hub,ngo,research,UK-funded research programme supporting inclusive and sustainable ocean governance,,,,,generalist
Global Ocean Alliance,ngo,advocacy,Coalition of countries supporting the 30x30 target for marine protected areas led by the UK,30x30,,,,ngo_campaigner|generalist
Because the Ocean,ngo,advocacy,Initiative bringing ocean issues into climate negotiations and promoting ocean-climate action,,,,,ngo_campaigner
Ocean Risk and Resilience Action Alliance,ngo,coalition,Multi-sector collaboration driving investment into ocean risk and resilience solutions,blue-finance,,ORRAA,abbreviation,blue_finance|esg_analyst
Coral Triangle Initiative,ngo,coalition,Multilateral partnership of six countries working on coral reef fisheries and food security in the Coral Triangle,30x30,,CTI-CFF,abbreviation,ngo_campaigner
International Coral Reef Initiative,ngo,coalition,Partnership among governments and organizations to preserve coral reefs and related ecosystems,30x30,,ICRI,abbreviation,ngo_campaigner
Global Mangrove Alliance,ngo,coalition,Partnership working to increase global mangrove habitat by 20 percent by 2030,30x30,,,,ngo_campaigner|blue_finance
Pristine Seas,ngo,advocacy,National Geographic project to explore and protect the last wild places in the ocean,30x30,,National Geographic Pristine Seas,common,ngo_campaigner
Mission Blue,ngo,advocacy,Initiative founded by Sylvia Earle to establish Hope Spots and inspire ocean conservation,30x30,,Sylvia Earle Alliance,common,ngo_campaigner
Transport and Environment,ngo,advocacy,European NGO campaigning for cleaner transport including shipping decarbonization and EU ETS maritime inclusion,imo-shipping,,T&E|Transport & Environment,common|common,shipping_compliance|ngo_campaigner|esg_analyst
International Chamber of Shipping,ngo,industry_body,Global trade association representing national shipowner associations and over 80 percent of the world merchant fleet,imo-shipping,,ICS,abbreviation,shipping_compliance|marine_lawyer
BIMCO,ngo,industry_body,International shipping association representing shipowners charterers and brokers with model contract development,imo-shipping,,Baltic and International Maritime Council,common,shipping_compliance|marine_lawyer
World Shipping Council,ngo,industry_body,Trade association representing the liner shipping industry on regulatory and policy matters,imo-shipping,,WSC,abbreviation,shipping_compliance
International Association of Classification Societies,ngo,industry_body,Association of 11 major classification societies setting technical standards for ship design and construction,imo-shipping,,IACS,abbreviation,shipping_compliance
Intertanko,ngo,industry_body,International association of independent tanker owners and operators promoting safe and environmentally sound transport,imo-shipping,,International Association of Independent Tanker Owners,common,shipping_compliance
Intercargo,ngo,industry_body,International association representing dry cargo shipowners promoting safe and efficient bulk shipping,imo-shipping,,International Association of Dry Cargo Shipowners,common,shipping_compliance
International Transport Workers Federation,ngo,industry_body,Global union federation representing transport workers including seafarers fighting for maritime labor rights,imo-shipping,,ITF|ITF Seafarers,abbreviation|common,shipping_compliance|ngo_campaigner
Getting to Zero Coalition,ngo,coalition,Industry coalition working to have commercially viable zero-emission vessels on the water by 2030,imo-shipping,,GtZ Coalition|Getting to Zero,abbreviation|common,shipping_compliance|esg_analyst
Global Maritime Forum,ngo,coalition,International not-for-profit organization committed to shaping the future of global seaborne trade,imo-shipping,,GMF,abbreviation,shipping_compliance|esg_analyst|blue_finance
Sustainable Shipping Initiative,ngo,coalition,Cross-industry collaboration working to achieve a sustainable maritime industry by 2040,imo-shipping,,SSI (shipping),common,shipping_compliance|esg_analyst
Clean Shipping Alliance 2020,ngo,industry_body,Shipping industry group promoting the use of exhaust gas cleaning systems as a compliance option for SOx limits,imo-shipping,,CSA 2020,abbreviation,shipping_compliance
Global Industry Alliance to Support Low Carbon Shipping,ngo,industry_body,IMO public-private partnership working to reduce GHG emissions from international shipping,imo-shipping,,GIA|GloFouling,abbreviation|common,shipping_compliance
International Association of Ports and Harbors,ngo,industry_body,Global alliance of port authorities promoting sustainable port development and green shipping corridors,imo-shipping,,IAPH,abbreviation,shipping_compliance|blue_finance
Clean Arctic Alliance,ngo,advocacy,Coalition of NGOs working to protect the Arctic marine environment from shipping pollution including heavy fuel oil,imo-shipping,,,,ngo_campaigner|shipping_compliance
Ocean Governance Network,ngo,coalition,Network of researchers and practitioners working on ocean governance challenges including BBNJ implementation,bbnj,,,,marine_lawyer|ngo_campaigner
International Cable Protection Committee,ngo,industry_body,Industry body working to protect submarine telecommunications cables on the seabed from marine activities,,,ICPC,abbreviation,marine_lawyer
Interpol Fisheries Crime Working Group,ngo,enforcement,Interpol unit coordinating international law enforcement efforts against fisheries-related transnational crime,iuu,,FCWG|Interpol FCWG,abbreviation|common,marine_lawyer|ngo_campaigner
FISH-i Africa,ngo,enforcement,Partnership of eight Indian Ocean coastal states cooperating to combat IUU fishing through intelligence sharing,iuu,,FISH-i|FISHi Africa,common|common,ngo_campaigner|marine_lawyer
Stop Illegal Fishing,ngo,enforcement,African-based organization working to end illegal fishing through partnerships policy and technology,iuu,,SIF,abbreviation,ngo_campaigner
Trygg Mat Tracking,ngo,enforcement,Norwegian non-profit providing fisheries intelligence and analytics to combat IUU fishing worldwide,iuu,,TMT,abbreviation,ngo_campaigner|marine_lawyer
OceanMind,ngo,enforcement,Non-profit using satellite technology and AI to provide fisheries monitoring and compliance services,iuu,,,,ngo_campaigner|esg_analyst
C4ADS,ngo,enforcement,Non-profit providing data-driven analysis on global conflict and transnational security issues including IUU fishing,iuu,,Center for Advanced Defense Studies,common,ngo_campaigner
Oceana US,ngo,advocacy,US office of Oceana focused on domestic fisheries policy sustainable seafood and ocean habitat protection,iuu,Oceana,Oceana United States,common,ngo_campaigner
Pacific Community,ngo,industry_body,Intergovernmental organization providing technical and scientific services to Pacific Island countries on fisheries and ocean management,iuu,,SPC|Secretariat of the Pacific Community,abbreviation|common,marine_lawyer|ngo_campaigner
Forum Fisheries Agency,ngo,industry_body,Pacific Islands regional organization providing fisheries management and development services,iuu,,FFA|Pacific Islands Forum Fisheries Agency,abbreviation|common,marine_lawyer|ngo_campaigner
Indian Ocean Commission,ngo,industry_body,Intergovernmental organisation of Indian Ocean island states working on fisheries and maritime security,iuu,,IOC (Indian Ocean)|COI,common|abbreviation,marine_lawyer
Southeast Asian Fisheries Development Center,ngo,industry_body,Intergovernmental organization promoting sustainable fisheries development in Southeast Asia,iuu,,SEAFDEC,abbreviation,marine_lawyer|ngo_campaigner
WorldFish,ngo,research,International research center working to reduce hunger and poverty by improving fisheries and aquaculture,,,CGIAR WorldFish|WorldFish Center,common|common,ngo_campaigner|blue_finance
Blue Ventures,ngo,advocacy,Marine conservation organization pioneering locally led approaches to fisheries and mangrove management,30x30,,,,ngo_campaigner|blue_finance
Rare,ngo,advocacy,Conservation organization using behavior change approaches including community-based fisheries management,30x30,,Rare Conservation|Fish Forever,common|common,ngo_campaigner|blue_finance
Wildlife Conservation Society,ngo,advocacy,Global conservation organization operating marine programmes including MPAs and shark conservation,30x30,,WCS,abbreviation,ngo_campaigner
Coral Reef Alliance,ngo,advocacy,Conservation organization dedicated to saving the worlds coral reefs through science-based solutions,30x30,,CORAL,abbreviation,ngo_campaigner
Project Seahorse,ngo,advocacy,Conservation research and policy organization working to protect seahorses and the marine environment,cites-marine,,,,ngo_campaigner
Shark Trust,ngo,advocacy,UK conservation charity working to safeguard the future of sharks skates and rays,cites-marine,,,,ngo_campaigner
Ocean Foundation for Environmental Research and Conservation,ngo,research,Organization supporting marine research and conservation projects focused on ocean environmental protection,,,,,ngo_campaigner
Global Ocean Trust,ngo,advocacy,Initiative founded by Torsten Thiele developing innovative financial mechanisms for ocean conservation,blue-finance,,,,blue_finance
Blue Nature Alliance,ngo,coalition,Partnership led by Conservation International to catalyze effective conservation of 18 million square kilometers of ocean,30x30,,BNA,abbreviation,ngo_campaigner|blue_finance
High Level Panel for a Sustainable Ocean Economy,ngo,coalition,Coalition of world leaders committed to sustainable ocean management and the transition to a sustainable ocean economy,,,Ocean Panel|HLP Ocean,common|common,generalist|blue_finance
Friends of Ocean Action,ngo,coalition,World Economic Forum coalition of ocean leaders supporting SDG 14 implementation and ocean sustainability,,,FOA,abbreviation,generalist|blue_finance
Global Ocean Observing System,ngo,research,UN system for sustained ocean observations supporting climate research and marine services,,,GOOS,abbreviation,generalist
Intergovernmental Science-Policy Platform on Biodiversity and Ecosystem Services,ngo,research,International body assessing the state of biodiversity and ecosystem services including marine,30x30,,IPBES,abbreviation,ngo_campaigner|generalist
Schmidt Ocean Institute,ngo,research,Private non-profit operating research vessels and supporting open ocean science and deep-sea exploration,,,SOI,abbreviation,generalist|ngo_campaigner
OceanX,ngo,research,Ocean exploration initiative using advanced technology and media to explore and protect the deep ocean,,,OceanX Media,common,generalist
Minderoo Foundation,ngo,philanthropy,Australian philanthropy funding ocean research including the Flourishing Oceans initiative and plastics tracking,plastics,,Minderoo,common,ngo_campaigner|esg_analyst
Woods Hole Oceanographic Institution,ngo,research,American research and higher education institution dedicated to ocean science and exploration,,,WHOI|Woods Hole,abbreviation|common,generalist
Scripps Institution of Oceanography,ngo,research,UC San Diego research institution conducting ocean atmosphere and earth science research,,,Scripps|SIO,common|abbreviation,generalist
National Oceanography Centre,ngo,research,UK national research centre for ocean and earth science and technology,,,NOC|NOC Southampton,abbreviation|common,generalist
GEOMAR Helmholtz Centre for Ocean Research,ngo,research,German marine research centre conducting ocean science including deep-sea mining impact assessment,isa,,GEOMAR|GEOMAR Kiel,abbreviation|common,generalist|ngo_campaigner
Alfred Wegener Institute,ngo,research,German polar and marine research institute operating research stations and vessels in both polar regions,,,AWI|Alfred-Wegener-Institut,abbreviation|common,generalist
Monterey Bay Aquarium Research Institute,ngo,research,American oceanographic research institute advancing ocean science and technology,,,MBARI,abbreviation,generalist
Global Ghost Gear Initiative,ngo,coalition,Cross-stakeholder alliance working to solve the problem of lost and abandoned fishing gear in the oceans,plastics,,GGGI,abbreviation,ngo_campaigner|esg_analyst
Parties to the Nauru Agreement,ngo,industry_body,Sub-regional agreement among Pacific island states managing the worlds largest tuna purse seine fishery,iuu,,PNA|Nauru Agreement parties,abbreviation|common,marine_lawyer|ngo_campaigner
Ocean Energy Europe,ngo,industry_body,Trade association representing the European ocean energy sector including tidal and wave power,offshore-wind,,OEE,abbreviation,blue_finance
Sasakawa Peace Foundation Ocean Policy Research Institute,ngo,research,Japanese research institute conducting ocean governance and policy research,,,OPRI|Sasakawa Ocean,abbreviation|common,generalist|marine_lawyer
Alliance of Small Island States,ngo,coalition,Intergovernmental organization of small island and low-lying coastal developing states negotiating on climate and oceans,bbnj,,AOSIS,abbreviation,marine_lawyer|ngo_campaigner|generalist
UN Global Compact,ngo,coalition,UN initiative encouraging businesses to adopt sustainable and socially responsible policies including ocean stewardship,blue-finance,,UNGC,abbreviation,esg_analyst|blue_finance
Maersk,company,,Worlds largest container shipping company and leader in shipping decarbonization including methanol-fueled vessels,imo-shipping,,A.P. Moller-Maersk|AP Moller Maersk|Maersk Line,legal|common|common,shipping_compliance|esg_analyst|generalist
Mediterranean Shipping Company,company,,Worlds second-largest container shipping company and largest cruise line operator through MSC Cruises,imo-shipping,,MSC (shipping)|MSC Mediterranean Shipping,common|common,shipping_compliance|esg_analyst
CMA CGM,company,,French container shipping and logistics company and third-largest container shipping line globally,imo-shipping,,CMA CGM Group|Compagnie Maritime dAffretement,common|legal,shipping_compliance|esg_analyst
Hapag-Lloyd,company,,German container shipping company and member of THE Alliance operating globally,imo-shipping,,,,shipping_compliance|esg_analyst
COSCO Shipping,company,,Chinese state-owned shipping conglomerate and one of the worlds largest container shipping operators,imo-shipping,,COSCO|China COSCO Shipping Corporation,abbreviation|legal,shipping_compliance
Evergreen Marine,company,,Taiwanese container shipping company operating one of the worlds largest container fleets,imo-shipping,,Evergreen|Evergreen Line,common|common,shipping_compliance
ONE,company,,Japanese container shipping line formed by merger of NYK MOL and K Line container businesses,imo-shipping,,Ocean Network Express,common,shipping_compliance
Yang Ming Marine Transport,company,,Taiwanese container shipping company operating global trade routes,imo-shipping,,Yang Ming|YM,common|abbreviation,shipping_compliance
ZIM Integrated Shipping Services,company,,Israeli container shipping company with global operations,imo-shipping,,ZIM,abbreviation,shipping_compliance
HMM,company,,South Korean container shipping and bulk carrier company formerly Hyundai Merchant Marine,imo-shipping,,Hyundai Merchant Marine,common,shipping_compliance
NYK Line,company,,Japanese shipping company operating container bulk and tanker fleets globally,imo-shipping,,Nippon Yusen Kabushiki Kaisha|Nippon Yusen,legal|common,shipping_compliance
MOL,company,,Japanese shipping company with diversified fleet including LNG carriers and offshore businesses,imo-shipping,,Mitsui O.S.K. Lines|Mitsui OSK Lines,legal|common,shipping_compliance
K Line,company,,Japanese shipping company operating container car carriers and bulk vessels,imo-shipping,,Kawasaki Kisen Kaisha,legal,shipping_compliance
Stena Bulk,company,,Swedish tanker shipping company and investor in methanol-fueled vessel technology,imo-shipping,,Stena|Stena Line,common|common,shipping_compliance
Wallenius Wilhelmsen,company,,Norwegian-Swedish shipping company specializing in vehicle and roll-on roll-off cargo transport,imo-shipping,,WW|Wallenius,abbreviation|common,shipping_compliance
BW Group,company,,Singapore-based maritime group operating gas tankers and floating production vessels,imo-shipping,,BW,abbreviation,shipping_compliance|blue_finance
Trafigura,company,,Multinational commodity trading company with major oil shipping and chartering operations,imo-shipping,,,,shipping_compliance|esg_analyst
Frontline,company,,Bermuda-based tanker shipping company operating one of the worlds largest VLCC fleets,imo-shipping,,Frontline Ltd,common,shipping_compliance
Thai Union Group,company,,Thailands largest seafood producer and one of the worlds largest tuna processors facing IUU scrutiny,iuu,,Thai Union|TU,common|abbreviation,esg_analyst|ngo_campaigner
Mowi,company,,Norwegian company and worlds largest producer of Atlantic salmon with global aquaculture operations,,,Mowi ASA|Marine Harvest,legal|common,esg_analyst|blue_finance
Dongwon Industries,company,,South Korean conglomerate with major tuna fishing and canning operations globally,iuu,,Dongwon|StarKist (parent),common|common,esg_analyst|ngo_campaigner
Nippon Suisan Kaisha,company,,Japanese seafood company with global fishing aquaculture and processing operations,,,Nissui|Nippon Suisan,common|common,esg_analyst
Maruha Nichiro,company,,Japanese seafood company and one of the worlds largest fishing and processing corporations,,,,,esg_analyst
Pacific Andes International,company,,Hong Kong-based fishing company previously linked to IUU fishing controversies,iuu,,Pacific Andes,common,ngo_campaigner|esg_analyst
Skretting,company,,Norwegian aquaculture feed company and subsidiary of Nutreco producing sustainable fish feed,,,Skretting (Nutreco),common,esg_analyst
Cargill Aqua Nutrition,company,,Division of Cargill providing feed solutions for the global aquaculture industry,,,EWOS|Cargill,common|common,esg_analyst
Austral Fisheries,company,,Australian fishing company and certified B Corporation operating in Southern Ocean fisheries,iuu,,Austral,common,esg_analyst
Sanford Limited,company,,New Zealand seafood company operating deep-water and inshore fishing vessels,,,Sanford,common,esg_analyst
Clearwater Seafoods,company,,Canadian seafood company harvesting shellfish in the North Atlantic,,,Clearwater,common,esg_analyst
China National Fisheries Corporation,company,,Chinese state-owned enterprise operating one of the worlds largest distant-water fishing fleets,iuu,,CNFC,abbreviation,ngo_campaigner|esg_analyst
Pingtan Marine Enterprise,company,,Chinese-American fishing company operating in the Pacific and Indian Oceans with IUU allegations,iuu,,Pingtan Marine,common,ngo_campaigner|esg_analyst
Orsted,company,,Danish multinational and worlds largest developer of offshore wind energy,offshore-wind,,Oersted|DONG Energy,common|common,blue_finance|esg_analyst|generalist
Equinor,company,,Norwegian state energy company with major offshore wind portfolio including Dogger Bank and Empire Wind,offshore-wind,,Equinor ASA|Statoil,legal|common,blue_finance|esg_analyst
Vattenfall,company,,Swedish state-owned energy company and major European offshore wind developer,offshore-wind,,,,blue_finance|esg_analyst
RWE Renewables,company,,German energy company with significant offshore wind capacity in Europe and expanding in the US,offshore-wind,,RWE Offshore Wind|RWE,common|common,blue_finance|esg_analyst
Iberdrola,company,,Spanish multinational electric utility and global leader in onshore and offshore wind energy,offshore-wind,,,,blue_finance|esg_analyst
SSE Renewables,company,,UK-based renewable energy company developing offshore wind farms including Seagreen and Dogger Bank,offshore-wind,,SSE,abbreviation,blue_finance|esg_analyst
EnBW,company,,German energy company developing offshore wind projects in the North Sea and Baltic Sea,offshore-wind,,Energie Baden-Wuerttemberg,common,blue_finance
Siemens Gamesa,company,,Wind turbine manufacturer and major supplier of offshore wind turbines globally,offshore-wind,,SGRE|Siemens Gamesa Renewable Energy,abbreviation|common,blue_finance|esg_analyst
Vestas,company,,Danish wind turbine manufacturer expanding into the offshore wind market,offshore-wind,,Vestas Wind Systems,common,blue_finance
GE Vernova,company,,American energy company manufacturing Haliade-X offshore wind turbines,offshore-wind,,GE Renewable Energy|General Electric Vernova,common|common,blue_finance
Shell,company,,British-Dutch energy major with offshore oil and gas operations and growing offshore wind portfolio,offshore-wind,,Shell plc|Royal Dutch Shell,legal|common,esg_analyst|blue_finance|shipping_compliance
TotalEnergies,company,,French energy major investing in offshore wind and floating solar alongside oil and gas production,offshore-wind,,Total|TotalEnergies SE,common|legal,esg_analyst|blue_finance
BP,company,,British energy major with offshore oil operations and renewable energy investments including offshore wind,offshore-wind,,British Petroleum|bp plc,common|legal,esg_analyst|blue_finance
ExxonMobil,company,,American oil and gas major with significant offshore production and emerging interest in carbon capture,,,Exxon|ExxonMobil Corporation,common|legal,esg_analyst
Chevron,company,,American energy corporation with major offshore oil and gas production worldwide,,,Chevron Corporation,legal,esg_analyst
Eni,company,,Italian energy company with offshore operations and growing investment in carbon capture and ocean renewables,,,Eni SpA,legal,esg_analyst
Petrobras,company,,Brazilian state-controlled oil company and dominant operator in ultra-deepwater pre-salt oil fields,,,Petroleo Brasileiro|Petrobras SA,common|legal,esg_analyst
The Metals Company,company,,Canadian deep-sea mining company seeking to extract polymetallic nodules from the Clarion-Clipperton Zone,isa,,TMC|DeepGreen Metals,abbreviation|common,ngo_campaigner|esg_analyst|generalist|blue_finance
Global Sea Mineral Resources,company,,Belgian deep-sea mining company and subsidiary of DEME Group with ISA exploration contract in the CCZ,isa,,GSR|DEME-GSR,abbreviation|common,ngo_campaigner|esg_analyst
DEME Group,company,,Belgian dredging and marine engineering company with deep-sea mining subsidiary GSR,isa,,DEME|Dredging Environmental and Marine Engineering,abbreviation|common,blue_finance|esg_analyst
UK Seabed Resources,company,,UK deep-sea mining company and subsidiary of Lockheed Martin with exploration licenses in the CCZ,isa,,UKSR,abbreviation,ngo_campaigner|esg_analyst
Nauru Ocean Resources Inc,company,,Nauru-sponsored deep-sea mining company that triggered the ISA two-year rule in 2021,isa,,NORI,abbreviation,ngo_campaigner|marine_lawyer|generalist
Tonga Offshore Mining Limited,company,,Tonga-sponsored deep-sea mining company with ISA exploration contract in the CCZ,isa,,TOML,abbreviation,ngo_campaigner
China Minmetals Corporation,company,,Chinese state-owned metals and mining company with ISA deep-sea mining exploration contract,isa,,Minmetals|CMC,common|abbreviation,ngo_campaigner|esg_analyst
Marawa Research and Exploration,company,,Kiribati-sponsored deep-sea mining company with exploration contract in the CCZ,isa,,Marawa,common,ngo_campaigner
Ocean Mineral Singapore,company,,Singapore-based deep-sea mining company with ISA exploration contract sponsored by Singapore,isa,,OMS,abbreviation,ngo_campaigner
Encourage Capital,company,,US impact investment firm pioneering blue economy investments and sustainable fisheries finance,blue-finance,,,,blue_finance|esg_analyst
Mirova,company,,French asset management company and subsidiary of Natixis investing in sustainable ocean and blue economy funds,blue-finance,,Mirova Natural Capital,common,blue_finance|esg_analyst
Althelia Ecosphere,company,,Impact investment manager supporting ocean conservation through blue natural capital financing,blue-finance,,Althelia|Mirova Althelia,common|common,blue_finance
Circulate Capital,company,,Investment management firm focused on preventing ocean plastic pollution through infrastructure investment,plastics,,,,blue_finance|esg_analyst
Closed Loop Partners,company,,Investment firm focused on circular economy and ocean plastic solutions including the Closed Loop Ocean Fund,plastics,,,,blue_finance|esg_analyst
DNV,company,,Norwegian classification society providing maritime assurance risk management and sustainability services,imo-shipping,,Det Norske Veritas|DNV GL,common|common,shipping_compliance|esg_analyst|generalist
Lloyds Register,company,,British classification society providing maritime classification and advisory services since 1760,imo-shipping,,LR|Lloyd's Register,abbreviation|common,shipping_compliance|esg_analyst
Bureau Veritas,company,,French classification and certification company providing maritime inspection and compliance services,imo-shipping,,BV,abbreviation,shipping_compliance
American Bureau of Shipping,company,,US maritime classification society certifying ship design construction and operational safety,imo-shipping,,ABS,abbreviation,shipping_compliance
ClassNK,company,,Japanese classification society and one of the worlds largest ship classification organizations,imo-shipping,,Nippon Kaiji Kyokai|NK,common|abbreviation,shipping_compliance
Korean Register,company,,South Korean classification society providing ship classification and statutory certification services,imo-shipping,,KR,abbreviation,shipping_compliance
RINA,company,,Italian classification society providing ship classification and marine certification services,imo-shipping,,Registro Italiano Navale,common,shipping_compliance
China Classification Society,company,,Chinese classification society and statutory body for ship survey and certification,imo-shipping,,CCS,abbreviation,shipping_compliance
Pollination,company,,Climate and nature advisory and investment firm working on blue carbon and nature-based solutions,blue-finance,,Pollination Group,common,blue_finance|esg_analyst
Sustainable Ocean Fund,company,,Althelia Ecosphere investment fund targeting sustainable marine and fisheries investments,blue-finance,,SOF,abbreviation,blue_finance
UNCLOS,instrument,,United Nations Convention on the Law of the Sea establishing the legal framework for all ocean activities and maritime zones,bbnj,,United Nations Convention on the Law of the Sea|Law of the Sea Convention|LOSC,common|common|abbreviation,marine_lawyer|generalist|ngo_campaigner
BBNJ Agreement,instrument,,Treaty on the conservation and sustainable use of marine biological diversity of areas beyond national jurisdiction,bbnj,,BBNJ Treaty|High Seas Treaty|Agreement under UNCLOS on BBNJ,common|common|common,marine_lawyer|ngo_campaigner|generalist
WTO Agreement on Fisheries Subsidies,instrument,,WTO multilateral agreement to discipline fisheries subsidies that contribute to overcapacity and overfishing,wto-fisheries,,Fisheries Subsidies Agreement|MC12 Fisheries Agreement,common|common,marine_lawyer|generalist|ngo_campaigner
MARPOL,instrument,,International Convention for the Prevention of Pollution from Ships covering oil chemicals sewage garbage and air emissions,imo-shipping,,International Convention for the Prevention of Pollution from Ships|MARPOL 73/78,common|common,shipping_compliance|marine_lawyer|generalist
MARPOL Annex VI,instrument,,MARPOL annex on prevention of air pollution from ships including SOx NOx and GHG emission regulations,imo-shipping,MARPOL,,,shipping_compliance|esg_analyst
SOLAS,instrument,,International Convention for the Safety of Life at Sea setting minimum safety standards for ship construction and operation,imo-shipping,,Safety of Life at Sea Convention,common,shipping_compliance|marine_lawyer
International Convention on Ballast Water Management,instrument,,IMO convention requiring ships to manage ballast water to prevent transfer of invasive aquatic species,imo-shipping,,BWM Convention|Ballast Water Management Convention,common|common,shipping_compliance|marine_lawyer
London Convention and Protocol,instrument,,IMO treaty regulating the dumping of wastes and other matter at sea including deep-sea mining waste disposal,imo-shipping,,London Convention / Protocol|LC/LP,common|abbreviation,marine_lawyer|shipping_compliance|ngo_campaigner
Hong Kong Convention,instrument,,IMO convention for the safe and environmentally sound recycling of ships,imo-shipping,,Ship Recycling Convention,common,shipping_compliance|esg_analyst
STCW Convention,instrument,,International Convention on Standards of Training Certification and Watchkeeping for Seafarers,imo-shipping,,Standards of Training Certification and Watchkeeping,common,shipping_compliance
Maritime Labour Convention,instrument,,ILO convention setting comprehensive rights and protections for seafarers worldwide,imo-shipping,,MLC 2006|MLC,common|abbreviation,shipping_compliance|marine_lawyer
International Convention on Oil Pollution Preparedness Response and Cooperation,instrument,,IMO convention establishing framework for international cooperation in responding to marine oil pollution incidents,imo-shipping,,OPRC Convention|OPRC,common|abbreviation,shipping_compliance|marine_lawyer
International Ship and Port Facility Security Code,instrument,,IMO code providing comprehensive set of measures to enhance the security of ships and port facilities,imo-shipping,,ISPS Code,abbreviation,shipping_compliance
Polar Code,instrument,,IMO code of safety and environmental protection standards for ships operating in Arctic and Antarctic waters,imo-shipping,,International Code for Ships Operating in Polar Waters,common,shipping_compliance|marine_lawyer
Convention on Biological Diversity Text,instrument,,International treaty for the conservation and sustainable use of biological diversity adopted at the 1992 Earth Summit,30x30,,CBD Text|Rio Convention on Biodiversity,common|common,marine_lawyer|ngo_campaigner|esg_analyst
Kunming-Montreal Global Biodiversity Framework,instrument,,CBD framework setting targets to protect 30 percent of land and ocean by 2030 and reduce biodiversity loss,30x30,,GBF|Kunming-Montreal Framework|30x30 Framework,abbreviation|common|common,marine_lawyer|ngo_campaigner|esg_analyst|generalist
Port State Measures Agreement,instrument,,FAO treaty to prevent deter and eliminate IUU fishing through port state controls on foreign vessels,iuu,,PSMA|Port State Measures Agreement to Prevent IUU Fishing,abbreviation|common,marine_lawyer|ngo_campaigner|generalist
UN Fish Stocks Agreement,instrument,,Agreement on the conservation and management of straddling and highly migratory fish stocks under UNCLOS,iuu,,UNFSA|Straddling Fish Stocks Agreement,abbreviation|common,marine_lawyer|ngo_campaigner
FAO Code of Conduct for Responsible Fisheries,instrument,,Voluntary international instrument establishing principles for responsible fishing and aquaculture,iuu,,CCRF|Code of Conduct for Responsible Fisheries,abbreviation|common,marine_lawyer|ngo_campaigner
FAO Compliance Agreement,instrument,,FAO agreement to promote compliance with international conservation and management measures by fishing vessels on the high seas,iuu,,Compliance Agreement,common,marine_lawyer
FAO Voluntary Guidelines on Catch Documentation Schemes,instrument,,FAO guidelines providing framework for catch documentation schemes to combat IUU fishing,iuu,,CDS Guidelines,common,marine_lawyer|ngo_campaigner
UNFCCC Paris Agreement,instrument,,International climate treaty setting goals to limit warming with implications for ocean acidification and blue carbon,,,Paris Agreement|Paris Climate Agreement,common|common,esg_analyst|ngo_campaigner|generalist
Global Plastics Treaty,instrument,,International legally binding instrument on plastic pollution including in the marine environment being negotiated under UNEP,plastics,,Plastics Treaty|INC Plastics Treaty|International Plastics Instrument,common|common|common,ngo_campaigner|generalist|esg_analyst
Basel Convention,instrument,,International treaty controlling transboundary movements of hazardous wastes including plastic waste amendments,plastics,,Basel Convention on Hazardous Wastes,common,marine_lawyer|ngo_campaigner
Stockholm Convention,instrument,,International treaty on persistent organic pollutants that accumulate in marine food chains,,,Stockholm Convention on POPs,common,marine_lawyer|esg_analyst
Nagoya Protocol,instrument,,CBD protocol on access and benefit-sharing of genetic resources including marine genetic resources,30x30,,Nagoya Protocol on ABS,common,marine_lawyer
Cartagena Protocol,instrument,,CBD protocol on biosafety addressing living modified organisms with marine biodiversity implications,30x30,,Cartagena Protocol on Biosafety,common,marine_lawyer
Ramsar Convention,instrument,,International treaty for the conservation and wise use of wetlands including coastal and marine wetlands,30x30,,Convention on Wetlands|Ramsar,common|common,ngo_campaigner|marine_lawyer
Convention on Migratory Species,instrument,,International treaty for the conservation of migratory animals including marine mammals sharks and seabirds,cites-marine,,CMS|Bonn Convention,abbreviation|common,ngo_campaigner|marine_lawyer
Agreement on the Conservation of Cetaceans of the Black Sea Mediterranean Sea and Contiguous Atlantic Area,instrument,,Regional agreement under CMS for the conservation of cetaceans in the Mediterranean and Black Sea,cites-marine,,ACCOBAMS,abbreviation,ngo_campaigner|marine_lawyer
Agreement on the Conservation of Small Cetaceans of the Baltic North East Atlantic Irish and North Seas,instrument,,Regional agreement under CMS for the conservation of small whales dolphins and porpoises,cites-marine,,ASCOBANS,abbreviation,ngo_campaigner|marine_lawyer
International Convention for the Regulation of Whaling,instrument,,Treaty establishing the International Whaling Commission and regulating commercial and indigenous whaling,cites-marine,,ICRW|Whaling Convention,abbreviation|common,ngo_campaigner|marine_lawyer
Antarctic Treaty,instrument,,Treaty demilitarizing Antarctica and establishing it as a scientific preserve with environmental protection protocol,30x30,,Antarctic Treaty System|ATS Treaty,common|common,marine_lawyer|ngo_campaigner
CSRD,instrument,,EU Corporate Sustainability Reporting Directive requiring companies to report on environmental impacts including marine,blue-finance,,Corporate Sustainability Reporting Directive|EU CSRD,common|common,esg_analyst|blue_finance
EU Emissions Trading System,instrument,,EU cap-and-trade system for greenhouse gas emissions extended to cover maritime shipping from 2024,imo-shipping,,EU ETS|Emissions Trading Scheme,abbreviation|common,shipping_compliance|esg_analyst
FuelEU Maritime,instrument,,EU regulation requiring ships to progressively reduce greenhouse gas intensity of energy used on board,imo-shipping,,FuelEU Maritime Regulation,common,shipping_compliance|esg_analyst
CII Rating,instrument,,Carbon Intensity Indicator rating system under IMO measuring operational carbon intensity of ships,imo-shipping,,Carbon Intensity Indicator|CII,common|abbreviation,shipping_compliance|esg_analyst
EEXI,instrument,,Energy Efficiency Existing Ship Index requiring existing ships to meet minimum energy efficiency standards,imo-shipping,,Energy Efficiency Existing Ship Index,common,shipping_compliance
EEDI,instrument,,Energy Efficiency Design Index setting minimum energy efficiency levels for new ship designs,imo-shipping,,Energy Efficiency Design Index,common,shipping_compliance
IMO GHG Strategy,instrument,,IMO strategy to reduce greenhouse gas emissions from international shipping to net zero by around 2050,imo-shipping,,IMO Greenhouse Gas Strategy|IMO 2050 Strategy,common|common,shipping_compliance|esg_analyst|generalist
EU IUU Regulation,instrument,,EU regulation establishing a system to prevent deter and eliminate illegal unreported and unregulated fishing,iuu,,EU IUU Fishing Regulation|Council Regulation 1005/2008,common|legal,marine_lawyer|ngo_campaigner
EU Common Fisheries Policy,instrument,,EU policy framework for managing European fishing fleets and conserving fish stocks,iuu,,CFP|Common Fisheries Policy,abbreviation|common,marine_lawyer|ngo_campaigner
Mediterranean Regulation,instrument,,EU regulation establishing a multiannual plan for fisheries in the western Mediterranean Sea,iuu,,WestMed Plan|MAP West Med,common|common,marine_lawyer
Nauru Agreement Concerning Cooperation in the Management of Fisheries of Common Interest,instrument,,Agreement among Pacific island states managing tuna fisheries through vessel day scheme,iuu,,Nauru Agreement|PNA,common|abbreviation,marine_lawyer|ngo_campaigner
SIMP,instrument,,US Seafood Import Monitoring Program requiring catch documentation for at-risk species to prevent IUU fish imports,iuu,,Seafood Import Monitoring Program,common,marine_lawyer|ngo_campaigner|esg_analyst
Marine Stewardship Council,standards,,International non-profit setting standards for sustainable fishing and seafood supply chain traceability,iuu,,MSC (fisheries)|MSC,common|abbreviation,esg_analyst|ngo_campaigner|blue_finance
Aquaculture Stewardship Council,standards,,International non-profit managing certification and labelling programme for responsible aquaculture,,,ASC,abbreviation,esg_analyst|blue_finance
World Benchmarking Alliance,standards,,Organization ranking companies on sustainability performance including the Seafood Stewardship Index,blue-finance,,WBA,abbreviation,esg_analyst|blue_finance|generalist
TNFD,standards,,Taskforce on Nature-related Financial Disclosures providing framework for organizations to report on nature risks including ocean,blue-finance,,Taskforce on Nature-related Financial Disclosures,common,esg_analyst|blue_finance|generalist
ISSB Standards,standards,,International Sustainability Standards Board standards for sustainability-related financial disclosures,blue-finance,,ISSB|IFRS Sustainability Standards,abbreviation|common,esg_analyst|blue_finance|generalist
Poseidon Principles,standards,,Global framework for responsible ship finance requiring financial institutions to assess climate alignment of shipping portfolios,imo-shipping,,Poseidon Principles for Maritime Transport,common,shipping_compliance|blue_finance|esg_analyst
Sea Cargo Charter,standards,,Industry framework for assessing and disclosing the climate alignment of chartering activities in shipping,imo-shipping,,,,shipping_compliance|esg_analyst
Global Reporting Initiative Standards,standards,,International standards for sustainability reporting used by companies to disclose ocean and environmental impacts,blue-finance,,GRI Standards|GRI,common|abbreviation,esg_analyst|blue_finance
CDP,standards,,Global disclosure system for environmental data enabling companies to report on climate water and ocean impacts,blue-finance,,Carbon Disclosure Project,common,esg_analyst|blue_finance
Science Based Targets Network,standards,,Framework enabling companies to set science-based targets for nature including ocean and freshwater,blue-finance,,SBTN|Science Based Targets for Nature,abbreviation|common,esg_analyst|blue_finance
Seafood Stewardship Index,standards,,World Benchmarking Alliance index assessing the sustainability practices of the worlds largest seafood companies,blue-finance,,SSI (WBA),common,esg_analyst
UN Global Compact Sustainable Ocean Principles,standards,,Set of principles for responsible business engagement with the ocean under the UN Global Compact framework,blue-finance,,Sustainable Ocean Principles|Ocean Principles,common|common,esg_analyst|blue_finance
EU Taxonomy,standards,,EU classification system establishing which economic activities qualify as environmentally sustainable including blue economy,blue-finance,,EU Taxonomy Regulation|Taxonomy Regulation,common|common,esg_analyst|blue_finance|generalist
World Bank,fund,,International financial institution providing loans and grants for ocean and blue economy development programmes,blue-finance,,IBRD|World Bank Group,abbreviation|common,blue_finance|esg_analyst|generalist
International Finance Corporation,fund,,World Bank Group member investing in private sector blue economy projects in developing countries,blue-finance,World Bank,IFC,abbreviation,blue_finance|esg_analyst
Asian Development Bank,fund,,Regional development bank financing blue economy and ocean health initiatives in Asia-Pacific,blue-finance,,ADB,abbreviation,blue_finance|esg_analyst|generalist
European Investment Bank,fund,,EU lending institution financing offshore wind marine infrastructure and blue economy projects,blue-finance,,EIB,abbreviation,blue_finance|esg_analyst
African Development Bank,fund,,Regional development bank supporting blue economy development across African coastal states,blue-finance,,AfDB,abbreviation,blue_finance
Inter-American Development Bank,fund,,Regional development bank financing ocean sustainability and coastal resilience in Latin America and Caribbean,blue-finance,,IDB|IADB,abbreviation|abbreviation,blue_finance
Green Climate Fund,fund,,Global fund helping developing countries reduce emissions and adapt to climate change including ocean projects,blue-finance,,GCF,abbreviation,blue_finance|ngo_campaigner
Global Environment Facility,fund,,International partnership funding environmental projects including marine biodiversity and international waters,blue-finance,,GEF,abbreviation,blue_finance|ngo_campaigner|generalist
UN Capital Development Fund,fund,,UN body providing microfinance and local development finance including blue economy in least developed countries,blue-finance,,UNCDF,abbreviation,blue_finance
Blue Bond Initiative,fund,,Framework for issuing sovereign and corporate bonds earmarked for sustainable ocean and marine projects,blue-finance,,,,blue_finance|esg_analyst
PROBLUE,fund,,World Bank multi-donor trust fund supporting healthy and productive oceans through sustainable fisheries and marine pollution reduction,blue-finance,,PROBLUE Trust Fund,common,blue_finance|ngo_campaigner
Blue Action Fund,fund,,German KfW-backed international fund financing marine conservation and sustainable fisheries in developing countries,blue-finance,,BAF,abbreviation,blue_finance|ngo_campaigner
Global Fund for Coral Reefs,fund,,UN-backed blended finance fund mobilizing investment for coral reef conservation and restoration worldwide,blue-finance,,GFCR,abbreviation,blue_finance|ngo_campaigner|30x30
Blue Natural Capital Financing Facility,fund,,IUCN and Luxembourg partnership providing loans and grants for blue natural capital conservation projects,blue-finance,,BNCFF,abbreviation,blue_finance
Ocean 14 Capital,fund,,Blue economy venture capital fund investing in sustainable seafood ocean health and maritime technology,blue-finance,,O14C,abbreviation,blue_finance|esg_analyst
Meloy Fund,fund,,Impact investment fund supporting sustainable small-scale fisheries reform in Indonesia and the Philippines,blue-finance,,Meloy Fisheries Fund,common,blue_finance
Great Barrier Reef Foundation,fund,,Australian foundation funding reef conservation research and restoration for the Great Barrier Reef,30x30,,GBRF,abbreviation,blue_finance|ngo_campaigner
Oceans Finance Company,fund,,Insurance and reinsurance vehicle developing financial products to protect ocean and coastal natural capital,blue-finance,,OFC,abbreviation,blue_finance|esg_analyst
Seychelles Blue Bond,fund,,First sovereign blue bond issued in 2018 financing marine protected areas and sustainable fisheries transition,blue-finance,,Seychelles Conservation and Climate Adaptation Trust,common,blue_finance|esg_analyst|generalist
Nordic Investment Bank Blue Economy,fund,,Nordic development bank programme financing sustainable ocean economy projects across Nordic and Baltic regions,blue-finance,,NIB Blue,common,blue_finance
IUU fishing,issue,,Illegal unreported and unregulated fishing undermining sustainable fisheries management and ocean ecosystem health worldwide. Next decision point: FAO COFI 36 session 2026 reviewing PSMA implementation and IUU vessel list harmonization,iuu,,Illegal fishing|Illegal unreported and unregulated fishing|Pirate fishing,common|common|common,ngo_campaigner|marine_lawyer|esg_analyst|generalist
Deep-sea mining moratorium,issue,,Growing movement to halt or pause commercial mining of the international seabed pending further scientific research. Next decision point: ISA Assembly Part III July 2026 in Kingston on moratorium versus exploitation regulation adoption,isa,,Seabed mining moratorium|DSM moratorium|Mining pause,common|common|common,ngo_campaigner|marine_lawyer|generalist
Plastic pollution in the ocean,issue,,Accumulation of plastic debris in marine environments threatening wildlife ecosystems and human health. Next decision point: INC resumed session finalizing Global Plastics Treaty legally binding text,plastics,,Marine plastic pollution|Ocean plastics|Marine debris,common|common|common,ngo_campaigner|esg_analyst|generalist
Ocean acidification,issue,,Decrease in ocean pH caused by absorption of atmospheric CO2 threatening calcifying organisms and marine food webs,,,Acidification|Ocean pH decline|CO2 absorption,common|common|common,ngo_campaigner|esg_analyst
Coral bleaching,issue,,Mass whitening of coral reefs caused by rising sea temperatures threatening reef ecosystems and coastal communities,,,Coral reef bleaching|Reef bleaching|Thermal bleaching,common|common|common,ngo_campaigner|generalist
MPA designation,issue,,Process of establishing marine protected areas to conserve biodiversity and achieve the 30x30 target,30x30,,Marine protected area designation|MPA creation|Marine reserve designation,common|common|common,ngo_campaigner|marine_lawyer|generalist
30x30 target,issue,,Global goal to protect 30 percent of the worlds ocean by 2030 as set in the Kunming-Montreal Framework. Next decision point: CBD COP16 review of marine NBSAP targets and 30x30 implementation tracking,30x30,,Thirty by thirty|30 by 30|30x30 ocean target,common|common|common,ngo_campaigner|generalist|esg_analyst
Overfishing,issue,,Harvesting fish at rates exceeding the ability of populations to replenish threatening food security and ecosystems,iuu,,Overexploitation of fish stocks|Fish stock depletion,common|common,ngo_campaigner|esg_analyst|generalist
Bycatch,issue,,Incidental capture of non-target species in fishing gear including marine mammals seabirds and sea turtles,iuu,,Incidental catch|Non-target catch,common|common,ngo_campaigner|esg_analyst
Bottom trawling,issue,,Fishing method dragging weighted nets across the seafloor destroying habitats and releasing stored carbon,iuu,,Benthic trawling|Seabed trawling|Demersal trawling,common|common|common,ngo_campaigner
Shark finning,issue,,Practice of removing shark fins at sea and discarding the body driving shark population decline globally. Next decision point: CITES Standing Committee 2026 reviewing shark and ray trade implementation measures,cites-marine,,Shark fin trade|Fin trade,common|common,ngo_campaigner
Harmful fisheries subsidies,issue,,Government subsidies that incentivize overfishing overcapacity and IUU fishing undermining sustainable fisheries. Next decision point: WTO MC14 2026 negotiations on second-wave disciplines addressing overcapacity subsidies,wto-fisheries,,Fisheries subsidies|Fishing subsidies|Capacity-enhancing subsidies,common|common|common,ngo_campaigner|marine_lawyer|generalist
Shipping decarbonization,issue,,Transition of the global shipping fleet to zero and near-zero emission fuels and technologies. Next decision point: MEPC 84 Spring 2026 finalizing mid-term GHG reduction measures and net-zero fuel standard,imo-shipping,,Maritime decarbonization|Green shipping|Shipping GHG reduction,common|common|common,shipping_compliance|esg_analyst|generalist
Alternative maritime fuels,issue,,Development and adoption of methanol ammonia hydrogen and other low-carbon fuels for shipping,imo-shipping,,Green fuels for shipping|Zero-emission fuels|E-fuels maritime,common|common|common,shipping_compliance|esg_analyst
Arctic shipping routes,issue,,Increasing use of Northern Sea Route and Northwest Passage for commercial shipping as sea ice retreats,imo-shipping,,Northern Sea Route|Arctic navigation|Polar shipping,common|common|common,shipping_compliance|marine_lawyer
Ballast water management,issue,,Prevention of invasive species transfer through ballast water discharge from ships,imo-shipping,,Ballast water treatment|Invasive species via shipping,common|common,shipping_compliance|marine_lawyer
Ship recycling,issue,,Environmentally sound dismantling of end-of-life vessels addressing pollution and worker safety concerns,imo-shipping,,Ship breaking|Shipbreaking|Vessel scrapping,common|common|common,shipping_compliance|esg_analyst
Underwater noise pollution,issue,,Noise from shipping sonar and construction disrupting marine mammal communication and behavior,,,Ocean noise|Marine noise pollution|Anthropogenic ocean noise,common|common|common,ngo_campaigner|esg_analyst
Oil spill response,issue,,Prevention of and response to marine oil spills from shipping offshore drilling and pipeline accidents,imo-shipping,,Marine oil spill|Oil pollution response,common|common,shipping_compliance|marine_lawyer
Offshore wind development,issue,,Construction and operation of wind energy installations in marine environments for renewable electricity generation. Next decision point: US BOEM lease sales and European offshore grid connection milestones through 2026,offshore-wind,,Offshore wind energy|Marine wind power|Offshore wind farms,common|common|common,blue_finance|esg_analyst|generalist
Floating offshore wind,issue,,Emerging technology deploying wind turbines on floating platforms enabling energy generation in deeper waters,offshore-wind,,Floating wind|FOWT|Floating wind turbines,common|abbreviation|common,blue_finance|esg_analyst
Marine spatial planning,issue,,Process of allocating ocean space among competing uses including fishing shipping energy and conservation,,,MSP|Ocean zoning|Maritime spatial planning,abbreviation|common|common,marine_lawyer|generalist
Blue carbon,issue,,Carbon captured and stored by coastal and marine ecosystems including mangroves seagrasses and salt marshes,blue-finance,,Blue carbon ecosystems|Coastal carbon|Marine carbon sinks,common|common|common,blue_finance|esg_analyst|ngo_campaigner
Blue bonds,issue,,Debt instruments where proceeds are earmarked for sustainable ocean and marine conservation projects. Next decision point: Sovereign blue bond issuances from Pacific SIDS and coastal states in 2026 pipeline,blue-finance,,Blue bond issuance|Sovereign blue bonds|Ocean bonds,common|common|common,blue_finance|esg_analyst
Sustainable aquaculture,issue,,Environmentally and socially responsible farming of aquatic organisms to meet growing seafood demand,,,Responsible aquaculture|Sustainable fish farming,common|common,esg_analyst|blue_finance
Microplastics,issue,,Tiny plastic particles under 5mm contaminating marine environments and entering the food chain,plastics,,Marine microplastics|Microplastic pollution|Nurdles,common|common|common,ngo_campaigner|esg_analyst
Ghost fishing gear,issue,,Abandoned lost or discarded fishing equipment continuing to catch and kill marine life,plastics,,Ghost nets|ALDFG|Derelict fishing gear,common|abbreviation|common,ngo_campaigner
Sea level rise,issue,,Global increase in ocean levels caused by thermal expansion and ice melt threatening coastal communities worldwide,,,Coastal flooding|Rising seas|Sea-level change,common|common|common,ngo_campaigner|generalist
Marine heatwaves,issue,,Prolonged periods of anomalously warm ocean temperatures causing mass mortality events and ecosystem disruption,,,Ocean heatwaves|MHW|Marine heat events,common|abbreviation|common,ngo_campaigner|generalist
Deoxygenation,issue,,Declining oxygen levels in ocean waters creating dead zones and threatening marine biodiversity,,,Ocean deoxygenation|Ocean dead zones|Hypoxia,common|common|common,ngo_campaigner
Harmful algal blooms,issue,,Rapid growth of toxin-producing algae fueled by nutrient pollution causing marine life die-offs and health risks,,,HABs|Red tide|Toxic algae,abbreviation|common|common,ngo_campaigner
Sargassum crisis,issue,,Massive influxes of sargassum seaweed impacting Caribbean and West African coastlines and marine ecosystems,,,Sargassum inundation|Great Atlantic Sargassum Belt,common|common,ngo_campaigner
Marine genetic resources,issue,,Genetic material from marine organisms with potential commercial value central to BBNJ benefit-sharing negotiations,bbnj,,MGR|Marine bioprospecting|Ocean genetic resources,abbreviation|common|common,marine_lawyer|ngo_campaigner|blue_finance
Area-based management tools,issue,,Spatial measures including MPAs used to conserve marine biodiversity under the BBNJ Agreement,bbnj,,ABMTs|Marine spatial protection tools,abbreviation|common,marine_lawyer|ngo_campaigner
Environmental impact assessment in ABNJ,issue,,Assessment of environmental impacts of activities in areas beyond national jurisdiction under BBNJ,bbnj,,EIA BBNJ|High seas EIA|Environmental impact assessment BBNJ,common|common|common,marine_lawyer|ngo_campaigner
Capacity building and technology transfer,issue,,Mechanisms to support developing countries in ocean science and governance under BBNJ and CBD frameworks,bbnj,,CBTMT|Technology transfer BBNJ,common|common,marine_lawyer|ngo_campaigner|blue_finance
Seafloor massive sulfide mining,issue,,Proposed extraction of mineral-rich hydrothermal vent deposits from the deep ocean floor,isa,,SMS mining|Hydrothermal vent mining|Seafloor sulfide extraction,common|common|common,ngo_campaigner|marine_lawyer
Polymetallic nodule mining,issue,,Proposed collection of manganese nodules from abyssal plains primarily the Clarion-Clipperton Zone,isa,,Nodule mining|CCZ mining|Manganese nodule harvesting,common|common|common,ngo_campaigner|marine_lawyer|generalist
Cobalt-rich crust mining,issue,,Proposed mining of cobalt-rich ferromanganese crusts from seamounts in the deep ocean,isa,,Cobalt crust mining|Seamount mining|CRC mining,common|common|common,ngo_campaigner
ISA Mining Code,issue,,Ongoing development of regulations governing commercial exploitation of deep-sea mineral resources by the ISA. Next decision point: ISA Council Part III July 2026 in Kingston to advance exploitation regulations text,isa,,Mining Code|Exploitation regulations|ISA exploitation code,common|common|common,marine_lawyer|ngo_campaigner|generalist
Clarion-Clipperton Zone,issue,,Abyssal plain in the central Pacific Ocean holding the largest known polymetallic nodule deposits and subject to ISA contracts,isa,,CCZ|Clarion Clipperton Fracture Zone,abbreviation|common,ngo_campaigner|marine_lawyer|generalist
Forced labor in fisheries,issue,,Use of forced labor and human trafficking on fishing vessels particularly in distant-water fleets,iuu,,Slavery at sea|Labor abuses in fishing|Modern slavery in fisheries,common|common|common,ngo_campaigner|esg_analyst
Seafood supply chain traceability,issue,,Systems to track seafood from catch to consumer preventing IUU fish from entering legal markets,iuu,,Seafood traceability|Catch documentation|Fish traceability,common|common|common,esg_analyst|ngo_campaigner
Transshipment at sea,issue,,Transfer of catch between vessels at sea often used to obscure origin of IUU-caught fish,iuu,,At-sea transshipment|Trans-shipment|Catch transfer at sea,common|common|common,ngo_campaigner|esg_analyst
Flags of convenience,issue,,Practice of registering ships in countries with weak regulation to avoid environmental and labor standards,imo-shipping,,FOC|Open registries|Flag-hopping,abbreviation|common|common,shipping_compliance|ngo_campaigner|marine_lawyer
Dark fleet,issue,,Vessels operating with transponders disabled to evade sanctions or engage in illicit activities,iuu,,Shadow fleet|Sanctions-busting fleet|Dark shipping,common|common|common,shipping_compliance|ngo_campaigner
PFAS contamination in marine environments,issue,,Contamination of ocean and coastal waters by per- and polyfluoroalkyl substances from industrial and consumer products,,,PFAS marine pollution|Forever chemicals ocean|PFAS in seafood,common|common|common,esg_analyst|ngo_campaigner
Deep-sea biodiversity,issue,,Conservation of unique deep-ocean ecosystems including hydrothermal vents cold seeps and abyssal plains,isa,,Deep-ocean biodiversity|Abyssal biodiversity|Deep-sea species,common|common|common,ngo_campaigner
Biodiversity Beyond National Jurisdiction,issue,,Governance and conservation challenges for marine life in areas beyond national jurisdiction on the high seas. Next decision point: BBNJ Agreement entry into force upon 60th ratification expected 2026-2027,bbnj,,BBNJ|High seas biodiversity|Marine biodiversity ABNJ,abbreviation|common|common,marine_lawyer|ngo_campaigner|generalist
Green shipping corridors,issue,,Designated maritime routes between ports where zero-emission shipping solutions are demonstrated and scaled. Next decision point: COP31 progress review on 30-plus designated corridor commitments between major ports,imo-shipping,,Zero-emission shipping corridors|Decarbonization corridors,common|common,shipping_compliance|esg_analyst
Carbon capture and storage at sea,issue,,Use of sub-seabed geological formations for permanent storage of captured carbon dioxide,imo-shipping,,Marine CCS|Sub-seabed CO2 storage|Offshore CCS,common|common|common,shipping_compliance|blue_finance
Fisheries subsidies reform,issue,,Multilateral efforts to eliminate harmful fisheries subsidies under the WTO and other frameworks,wto-fisheries,,Subsidy reform|WTO fisheries subsidies|Harmful subsidies,common|common|common,marine_lawyer|ngo_campaigner|generalist
Nature-based solutions in the ocean,issue,,Use of marine and coastal ecosystems to address societal challenges including climate change and food security,blue-finance,,Ocean NbS|Marine nature-based solutions|Blue NbS,common|common|common,blue_finance|ngo_campaigner|esg_analyst
Seabed dispute resolution,issue,,Legal proceedings and arbitration over seabed resources and maritime boundary delimitation,isa,,Seabed disputes|Maritime boundary disputes|Continental shelf disputes,common|common|common,marine_lawyer
Autonomous ships regulation,issue,,Development of international regulatory framework for maritime autonomous surface ships at the IMO,imo-shipping,,MASS regulation|Maritime autonomous vessels|Autonomous vessel regulation,common|common|common,shipping_compliance|marine_lawyer
Methanol as maritime fuel,issue,,Adoption of green methanol as a transitional and long-term fuel for shipping decarbonization,imo-shipping,,Green methanol shipping|E-methanol maritime|Methanol-fueled shipping,common|common|common,shipping_compliance|esg_analyst
Ammonia as maritime fuel,issue,,Development of ammonia as a zero-carbon fuel for shipping requiring new safety and handling regulations,imo-shipping,,Green ammonia shipping|Ammonia bunkering|Ammonia-fueled vessels,common|common|common,shipping_compliance|esg_analyst
Biofouling management,issue,,Prevention and management of biological organisms on ship hulls to reduce invasive species transfer and fuel consumption,imo-shipping,,Hull fouling|Marine biofouling|Anti-fouling,common|common|common,shipping_compliance
EU Deforestation Regulation marine impacts,issue,,Implications of EU deforestation-free supply chain rules for aquaculture feed and marine commodity sourcing,,,EUDR marine|Deforestation regulation seafood,common|common,esg_analyst|ngo_campaigner
Ocean Decade,issue,,UN Decade of Ocean Science for Sustainable Development 2021-2030 mobilizing ocean research and innovation,,,UN Ocean Decade|Decade of Ocean Science,common|common,generalist|ngo_campaigner
ICCAT Annual Meeting 2026,issue,,25th Special Meeting of the International Commission for the Conservation of Atlantic Tunas reviewing Atlantic bluefin tuna TAC and shark conservation measures continuation from Seville 2025. Next decision point: November 16-23 2026 Vilamoura Portugal,iuu,International Commission for the Conservation of Atlantic Tunas,ICCAT 2026|Vilamoura Meeting,common|common,marine_lawyer|ngo_campaigner|esg_analyst
Rena Lee,person,,Singaporean diplomat who served as President of the BBNJ Intergovernmental Conference negotiating the High Seas Treaty,bbnj,,Ambassador Rena Lee,common,marine_lawyer|ngo_campaigner|generalist
Peter Thomson,person,,Fijian diplomat serving as UN Secretary-Generals Special Envoy for the Ocean since 2017,bbnj,,Ambassador Peter Thomson|UN Ocean Envoy,common|common,marine_lawyer|ngo_campaigner|generalist
Michael Lodge,person,,Secretary-General of the International Seabed Authority leading the development of deep-sea mining regulations,isa,,Michael W. Lodge,common,marine_lawyer|ngo_campaigner|generalist
Teresa Ribera,person,,Spanish politician serving as European Commission Executive Vice-President for Clean Just and Competitive Transition,imo-shipping,,Teresa Ribera Rodriguez,common,esg_analyst|shipping_compliance|generalist
Kitack Lim,person,,South Korean official who served as Secretary-General of the International Maritime Organization 2016-2023,imo-shipping,,,,shipping_compliance|marine_lawyer
Arsenio Dominguez,person,,Panamanian official serving as Secretary-General of the International Maritime Organization from 2024,imo-shipping,,Arsenio Antonio Dominguez Velasco,common,shipping_compliance|marine_lawyer|generalist
Virginijus Sinkevicius,person,,Lithuanian politician who served as European Commissioner for Environment Oceans and Fisheries 2019-2024,30x30,,,,ngo_campaigner|marine_lawyer
Costas Kadis,person,,European Commissioner for Fisheries and Oceans in the von der Leyen II Commission from 2024,30x30,,Costas Kadis Commissioner,common,ngo_campaigner|marine_lawyer|generalist
Peter Haugan,person,,Norwegian marine scientist and co-chair of the High Level Panel for a Sustainable Ocean Economy,,,,,generalist|blue_finance
Sylvia Earle,person,,American marine biologist and oceanographer known as Her Deepness and founder of Mission Blue,30x30,,Dr. Sylvia Earle|Her Deepness,common|common,ngo_campaigner|generalist
Rashid Sumaila,person,,Canadian fisheries economist at UBC whose research on fisheries subsidies influenced WTO negotiations,wto-fisheries,,U. Rashid Sumaila|Rashid U. Sumaila,common|common,ngo_campaigner|generalist
Enric Sala,person,,Spanish marine ecologist and National Geographic Explorer in Residence who founded the Pristine Seas project,30x30,,Dr. Enric Sala,common,ngo_campaigner|generalist
Daniel Pauly,person,,French-Canadian marine biologist known for foundational work on global fisheries including shifting baselines,iuu,,Dr. Daniel Pauly,common,ngo_campaigner|generalist
Boris Worm,person,,German-Canadian marine ecologist whose research on marine biodiversity loss and recovery is widely cited,,,Dr. Boris Worm,common,ngo_campaigner|generalist
Callum Roberts,person,,British marine conservation biologist and author advocating for marine reserves and ocean protection,30x30,,Professor Callum Roberts,common,ngo_campaigner
Hans-Otto Portner,person,,German marine biologist and IPCC Working Group II co-chair on ocean and cryosphere climate impacts,,,Hans-Otto Poertner|Dr. Portner,common|common,ngo_campaigner|esg_analyst
Lisa Levin,person,,American deep-sea biologist and leading scientist on deep-sea mining environmental impacts at Scripps Institution,isa,,Dr. Lisa Levin,common,ngo_campaigner|marine_lawyer
Diva Amon,person,,Trinidadian deep-sea biologist studying deep-sea mining impacts and advocating for deep-ocean conservation,isa,,Dr. Diva Amon,common,ngo_campaigner|generalist
Kristina Gjerde,person,,Senior high seas policy advisor at IUCN and leading expert on high seas governance and BBNJ negotiations,bbnj,,,,marine_lawyer|ngo_campaigner
Duncan Currie,person,,New Zealand international environmental lawyer advising on deep-sea mining BBNJ and high seas governance,isa,,,,marine_lawyer|ngo_campaigner
Matthew Gianni,person,,Co-founder of the Deep Sea Conservation Coalition and campaigner against bottom trawling on the high seas,isa,,,,ngo_campaigner
Alex Rogers,person,,British deep-sea biologist and former scientific advisor to the ISA on deep-sea mining environmental impacts,isa,,Professor Alex Rogers,common,ngo_campaigner
Asha de Vos,person,,Sri Lankan marine biologist and blue whale researcher working on ocean conservation in the Indian Ocean,,,Dr. Asha de Vos,common,ngo_campaigner|generalist
Ayana Elizabeth Johnson,person,,American marine biologist policy expert and co-founder of the Urban Ocean Lab focused on coastal city conservation,,,Dr. Ayana Elizabeth Johnson,common,ngo_campaigner|generalist
Soren Skou,person,,Former CEO of A.P. Moller-Maersk who led the companys commitment to net-zero shipping by 2040,imo-shipping,,Soeren Skou,common,shipping_compliance|esg_analyst
Vincent Clerc,person,,CEO of A.P. Moller-Maersk from January 2023 continuing the green shipping transformation,imo-shipping,,,,shipping_compliance|esg_analyst
Rodolphe Saade,person,,CEO of CMA CGM Group leading the companys investment in LNG-fueled and methanol-ready container ships,imo-shipping,,Rodolphe Saade CMA CGM,common,shipping_compliance|esg_analyst
Gerard Barron,person,,CEO and Chairman of The Metals Company advocating for commercial deep-sea mining of polymetallic nodules,isa,,,,ngo_campaigner|esg_analyst|generalist
Mads Nipper,person,,CEO of Orsted leading the worlds largest offshore wind developer through global expansion,offshore-wind,,,,blue_finance|esg_analyst
Thierry Vanlancker,person,,CEO of Thai Union Group overseeing the companys SeaChange sustainability strategy,iuu,,,,esg_analyst
Pradeep Singh,person,,International lawyer and researcher at IASS Potsdam specializing in deep-sea mining law and the ISA,isa,,Dr. Pradeep Singh,common,marine_lawyer|ngo_campaigner
Nichola Clark,person,,Manager of The Pew Charitable Trusts seabed mining project tracking ISA negotiations and policy,isa,,,,ngo_campaigner|marine_lawyer
Torsten Thiele,person,,Founder of the Global Ocean Trust and pioneer of blue bond and blue finance mechanisms,blue-finance,,,,blue_finance|esg_analyst
Maria Pearman,person,,Blue economy investment specialist and advisor on ocean-related sustainable finance initiatives,blue-finance,,,,blue_finance
Ricardo Aguilar,person,,Research Director at Oceana Europe leading underwater expeditions documenting deep-sea ecosystems,30x30,,,,ngo_campaigner
Monica Medina,person,,American diplomat who served as US Assistant Secretary of State for Oceans and International Environmental and Scientific Affairs,bbnj,,,,marine_lawyer|ngo_campaigner
David Agnew,person,,Director of Standards at the Marine Stewardship Council overseeing fisheries certification standards,iuu,,Dr. David Agnew,common,esg_analyst|ngo_campaigner
Essam Yassin Mohammed,person,,Director of the Blue Economy programme at the International Institute for Environment and Development,blue-finance,,Dr. Essam Yassin Mohammed,common,blue_finance|ngo_campaigner
Andrew Friedman,person,,Managing Director at Encourage Capital leading sustainable fisheries and ocean investment strategies,blue-finance,,,,blue_finance
Nathalie Hilmi,person,,Environmental economist at the Centre Scientifique de Monaco researching ocean acidification economic impacts,,,Dr. Nathalie Hilmi,common,esg_analyst|ngo_campaigner
Jose Graziano da Silva,person,,Former Director-General of FAO who advanced the organizations work on sustainable fisheries and IUU fishing,wto-fisheries,,,,generalist|ngo_campaigner
Qu Dongyu,person,,Director-General of FAO from 2019 overseeing global fisheries and aquaculture policy programmes,wto-fisheries,,,,generalist
Inger Andersen,person,,Executive Director of UNEP leading global environmental policy including the plastics treaty negotiations,plastics,,,,ngo_campaigner|generalist
Jyotika Virmani,person,,Executive Director of Schmidt Ocean Institute advancing deep-ocean research and exploration,isa,,Dr. Jyotika Virmani,common,ngo_campaigner|generalist
Gladys Martinel Matta,person,,Peruvian diplomat and co-facilitator of WTO fisheries subsidies negotiations,wto-fisheries,,,,marine_lawyer
Santiago Wills,person,,Colombian diplomat who chaired the WTO fisheries subsidies negotiations leading to the MC12 agreement,wto-fisheries,,Ambassador Santiago Wills,common,marine_lawyer|generalist
David Obura,person,,Kenyan coral reef ecologist and chair of the IPBES assessment on biodiversity and ecosystem services,30x30,,Dr. David Obura,common,ngo_campaigner
Carlos Duarte,person,,Spanish marine ecologist and Distinguished Professor at KAUST researching ocean restoration and blue carbon,blue-finance,,Professor Carlos Duarte,common,ngo_campaigner|blue_finance
Jane Lubchenco,person,,American marine ecologist and former NOAA administrator who served as White House ocean and climate advisor,,,Dr. Jane Lubchenco,common,ngo_campaigner|generalist
Rebecca Hubbard,person,,Director of the High Seas Alliance coordinating NGO advocacy for BBNJ Treaty ratification and implementation,bbnj,,,,ngo_campaigner|marine_lawyer
Faig Abbasov,person,,Shipping programme director at Transport and Environment leading advocacy on EU shipping emissions policy,imo-shipping,,,,shipping_compliance|ngo_campaigner|esg_analyst
John Kerry,person,,Former US Special Presidential Envoy for Climate who championed ocean-climate nexus including shipping decarbonization,,,,,generalist
Minna Epps,person,,Director of the IUCN Ocean Team leading work on marine conservation policy and high seas governance,bbnj,,,,ngo_campaigner|marine_lawyer
Peggy Kalas,person,,Coordinator of the High Seas Alliance during the BBNJ negotiations and long-time ocean governance advocate,bbnj,,,,ngo_campaigner|marine_lawyer
Takehiro Nakamura,person,,Chief of the UNEP Marine and Freshwater Branch overseeing the Regional Seas Programme and marine pollution,plastics,,,,ngo_campaigner|generalist
Tommy Beaudreau,person,,Former US Deputy Secretary of the Interior who oversaw offshore wind leasing and permitting in US waters,offshore-wind,,,,blue_finance|marine_lawyer
Robert Sobhani,person,,CEO of Caspian Group and advisor on maritime boundary issues and offshore resource governance,,,Dr. Robert Sobhani,common,marine_lawyer
Evangelos Marinakis,person,,Greek shipping magnate and owner of Capital Maritime controlling a large tanker and dry bulk fleet,imo-shipping,,,,shipping_compliance
Angeliki Frangou,person,,Greek shipping executive and CEO of Navios Maritime Partners operating a global fleet,imo-shipping,,,,shipping_compliance
Soren Toft,person,,CEO of MSC Mediterranean Shipping Company overseeing the worlds largest container shipping line,imo-shipping,,,,shipping_compliance|esg_analyst
Andreas Sohmen-Pao,person,,Chairman of BW Group and advocate for maritime sustainability and shipping industry transformation,imo-shipping,,,,shipping_compliance|esg_analyst|blue_finance
Tony Long,person,,CEO of Global Fishing Watch leading development of open-access vessel tracking technology to combat IUU fishing,iuu,,,,ngo_campaigner|esg_analyst
Marco Lambertini,person,,Former Director General of WWF International who led the organizations campaign for 30x30 ocean protection targets,30x30,,,,ngo_campaigner|generalist
Dona Bertarelli,person,,UN Patron of the Ocean and philanthropist advocating for high seas protection and BBNJ Treaty ratification,bbnj,,Dona Bertarelli Spinnaker,common,ngo_campaigner|generalist
Peter de Menocal,person,,President and Director of Woods Hole Oceanographic Institution leading research on ocean and climate systems,,,Dr. Peter de Menocal,common,generalist
Aulani Wilhelm,person,,Conservation leader and former NOAA and Nature Conservancy executive championing Pacific ocean protection,30x30,,,,ngo_campaigner
Liz Karan,person,,Director of ocean governance at Pew Charitable Trusts leading campaigns for high seas protection and BBNJ,bbnj,,Elizabeth Karan,common,ngo_campaigner|marine_lawyer
Vladimir Ryabinin,person,,Executive Secretary of the UNESCO Intergovernmental Oceanographic Commission coordinating global ocean science programmes,,,Dr. Vladimir Ryabinin,common,generalist
Isabella Lovin,person,,Former Deputy Prime Minister of Sweden and advocate for sustainable fisheries and ocean governance reform,wto-fisheries,,Isabella Lövin,common,ngo_campaigner|marine_lawyer|generalist
Vidar Helgesen,person,,Norwegian diplomat and co-chair of the High Level Panel for a Sustainable Ocean Economy,blue-finance,,,,blue_finance|generalist
Maxine Burkett,person,,American legal scholar specializing in climate justice and ocean law formerly at US State Department,bbnj,,Professor Maxine Burkett,common,marine_lawyer|ngo_campaigner
RV Falkor (too),vessel,,Schmidt Ocean Institute research vessel conducting deep-sea mapping and biodiversity surveys worldwide,,,Falkor Too|R/V Falkor,common|common,ngo_campaigner|generalist
Laura Maersk,vessel,,Worlds first methanol-fueled container vessel launched by Maersk in 2023 as pioneer of green shipping,imo-shipping,,MV Laura Maersk,common,shipping_compliance|esg_analyst|generalist
Yara Birkeland,vessel,,Worlds first fully electric and autonomous container ship operated by Yara International in Norway,imo-shipping,,MV Yara Birkeland,common,shipping_compliance|esg_analyst|generalist
Hidden Gem,vessel,,Deep-sea mining test vessel operated by Allseas for The Metals Company conducting polymetallic nodule collection trials,isa,,MV Hidden Gem,common,ngo_campaigner|generalist
Arctic Sunrise,vessel,,Greenpeace icebreaker and campaign vessel used for Arctic protection and anti-drilling protests,30x30,,MV Arctic Sunrise,common,ngo_campaigner
Bob Barker,vessel,,Sea Shepherd patrol vessel used in anti-poaching operations in the Southern Ocean and other regions,iuu,,MY Bob Barker|MV Bob Barker,common|common,ngo_campaigner
Kangei Maru,vessel,,Japanese whaling mothership that replaced the Nisshin Maru launched in 2024 for commercial whaling operations,cites-marine,,MV Kangei Maru,common,ngo_campaigner
Okeanos Explorer,vessel,,NOAA ship dedicated to ocean exploration using remotely operated vehicles and multibeam sonar mapping,,,NOAA Ship Okeanos Explorer|E/V Okeanos,common|common,generalist
Ever Given,vessel,,Ultra-large container ship that blocked the Suez Canal in March 2021 disrupting global shipping for six days,imo-shipping,,MV Ever Given|EVER GIVEN,common|common,shipping_compliance|generalist
Charybdis,vessel,,Dominion Energys US-built offshore wind installation vessel designed for the Jones Act market,offshore-wind,,WTIV Charybdis,common,blue_finance
Althelia Sustainable Ocean Fund,fund,,Mirova-managed impact investment fund channelling capital into sustainable marine fisheries and coastal conservation projects,blue-finance,,ASOF|Mirova Althelia SOF,abbreviation|common,blue_finance|esg_analyst
Circulate Capital Ocean Fund,fund,,Impact investment fund deploying capital to prevent ocean plastic pollution through recycling and waste management infrastructure in South and Southeast Asia,plastics,,CCOF,abbreviation,blue_finance|esg_analyst
Encourage Capital Ocean Fund,fund,,US impact investment vehicle pioneering returns-driven investment in sustainable wild-capture fisheries reform,blue-finance,,EC Ocean Fund,common,blue_finance|esg_analyst
AXA XL Ocean Risk Initiative,fund,,Insurance-sector initiative quantifying ocean risk and developing financial products for coastal and marine resilience,blue-finance,,AXA XL ORI,common,blue_finance|esg_analyst
Swiss Re Foundation Ocean Programme,fund,,Reinsurance-backed programme financing nature-based solutions for coastal resilience and marine ecosystem protection,blue-finance,,Swiss Re Ocean,common,blue_finance|esg_analyst
Convergence Blended Finance,fund,,Global network and fund manager catalysing blended finance solutions for sustainable development including ocean and blue economy,blue-finance,,Convergence,common,blue_finance
Blue like an Orange Sustainable Capital,fund,,Impact investment firm deploying capital through development finance partnerships for sustainable development including ocean projects,blue-finance,,BLAOS|Blue like an Orange,abbreviation|common,blue_finance
Nuveen Natural Capital,fund,,Global asset manager investing in natural capital strategies including blue carbon and coastal ecosystem restoration,blue-finance,,Nuveen NC|Nuveen Timber and Farmland,common|common,blue_finance|esg_analyst
Rockefeller Ocean Strategy,fund,,Rockefeller Capital Management investment strategy targeting companies advancing sustainable ocean economy solutions,blue-finance,,Rockefeller Ocean,common,blue_finance|esg_analyst
Builders Vision,fund,,US philanthropic initiative founded by Lukas Walton investing in ocean health sustainable food and clean energy,blue-finance,,Builders Initiative,common,blue_finance|ngo_campaigner
ISO 14001 Maritime Environmental Management,standards,,International standard for environmental management systems applied to maritime operations and port facilities,imo-shipping,,ISO 14001 Maritime|ISO 14001 Shipping,common|common,shipping_compliance|esg_analyst
Green Marine Certification,standards,,North American voluntary environmental certification programme for shipowners ports and terminals measuring continuous improvement,imo-shipping,,Green Marine|GM Certification,common|common,shipping_compliance|esg_analyst
Responsible Ship Recycling Standard,standards,,Industry standard ensuring ships are recycled safely and sustainably in compliance with the Hong Kong Convention,imo-shipping,,RSRS,abbreviation,shipping_compliance|esg_analyst
IMO Data Collection System,standards,,Mandatory IMO system requiring ships of 5000 GT and above to report annual fuel oil consumption data for carbon tracking,imo-shipping,,IMO DCS|GISIS DCS Module,common|common,shipping_compliance|esg_analyst
Blue Finance Principles,standards,,Framework of principles guiding the issuance and management of blue bonds and blue finance instruments,blue-finance,,BFP,abbreviation,blue_finance|esg_analyst
SBTi Ocean Guidance,standards,,Science Based Targets initiative sector guidance for companies to set validated emission reduction targets across ocean-related industries,blue-finance,,SBTi FLAG Ocean|SBTi Maritime,common|common,esg_analyst|blue_finance|shipping_compliance
Responsible Fishing Vessel Standard,standards,,Global Seafood Alliance certification standard for fishing vessel operations covering crew welfare and environmental management,iuu,,RFVS|Best Aquaculture Practices Fishing,abbreviation|common,esg_analyst|ngo_campaigner
Marine Carbon Industry Alliance Standards,standards,,Voluntary standards for measurement reporting and verification of blue carbon credits from coastal and marine ecosystems,blue-finance,,MCIA Standards|Blue Carbon MRV,common|common,blue_finance|esg_analyst
Global Tuna Alliance Standards,standards,,Industry coalition standards promoting sustainable tuna sourcing and traceability aligned with RFMO conservation measures,iuu,,GTA Standards|Tuna Alliance,common|common,esg_analyst|ngo_campaigner
Seafood Business for Ocean Stewardship,standards,,CEO-led initiative setting standards for the seafood industry to address ocean health through supply chain sustainability,iuu,,SeaBOS|Keystone Dialogues,abbreviation|common,esg_analyst|ngo_campaigner
